Id,Predicted Price
0,33.21852928838896
1,113.05958340343305
2,174.17342259610888
3,70.99964859959397
4,85.23044912196613
5,493.5725439938029
6,146.81666599394245
7,37.13199003776695
8,51.52804359775185
9,345.9809819497088
10,111.33128381980691
11,182.72782038878168
12,50.64955045360024
13,47.66646819417844
14,58.37623469446881
15,187.26587728765904
16,62.71322941791905
17,67.0159956406646
18,85.23461833441117
19,72.7373131128168
20,75.93247314926525
21,56.095132546097034
22,67.11135716263155
23,150.435862336939
24,110.56010013123505
25,218.08701303600785
26,25.433223806288346
27,59.50766256142444
28,487.71728631376556
29,71.03495357104916
30,263.388256653756
31,216.87315557778453
32,90.5428544602249
33,17.985950594411705
34,100.56111281541087
35,338.5263527428712
36,66.21938103995637
37,97.67572264638926
38,61.75946098445388
39,137.17736112347947
40,46.779224879569576
41,425.3469575829559
42,140.2360541256783
43,154.42372932615132
44,59.24192999148467
45,76.21115663114537
46,35.9304995857232
47,29.810033419679744
48,29.465898364685174
49,198.9140596613842
50,35.79544735947188
51,477.21646560709553
52,68.65288325328122
53,24.526278884227533
54,87.62870859322351
55,148.4985836515281
56,175.30721619097778
57,259.09689208037696
58,172.6956747591338
59,210.71515204403397
60,67.69610933217062
61,73.78003446573864
62,504.28890227210866
63,101.32790074371397
64,130.79640151205328
65,41.59611887536026
66,45.969087142458235
67,138.50986380092237
68,188.80033201312565
69,275.2279680388385
70,157.106252038452
71,93.91140481002282
72,143.93199989290554
73,33.43967347524637
74,156.0395670152294
75,289.0394001770309
76,142.126222432774
77,206.40406125839914
78,74.61017541079133
79,98.24039705912817
80,194.58931066859796
81,415.70511341068044
82,75.51018226513013
83,72.06789855447724
84,98.97665850704841
85,133.77869482506634
86,89.21581540103864
87,228.57267936580604
88,34.94731689606349
89,104.80512533926901
90,78.90288876842136
91,103.17990074757128
92,72.10204253392315
93,740.8109058176009
94,110.9936111897712
95,74.20438485573457
96,20.983862104411713
97,85.47265273389884
98,238.04875802468285
99,36.7851353762623
100,525.2617869894347
101,86.62098487952659
102,274.28896460901456
103,287.76110734957683
104,478.81084205778865
105,82.593104098538
106,166.47607872182
107,124.55098922447714
108,75.79084097514958
109,662.9224757070951
110,89.99486477126058
111,100.83290728706433
112,151.62418278210345
113,112.48528162906689
114,399.2299996549257
115,77.05752150048997
116,75.2983755450429
117,208.67040162264593
118,242.51789452268633
119,38.05839590831179
120,77.66485726973536
121,144.90746840354302
122,174.16412788695334
123,104.96787658587715
124,30.09169588845545
125,47.69281761012622
126,248.00880484885914
127,254.04836390918146
128,61.772290839907
129,73.47861069703787
130,129.24115440579033
131,61.24677602414028
132,89.1370569757539
133,70.85774414145965
134,76.30572438543945
135,431.30236359015436
136,158.43756026226316
137,65.87889318954738
138,140.12031313168532
139,67.45895174145363
140,95.01403052686818
141,29.246850207347993
142,68.34359879642705
143,109.69050991356211
144,161.4772184698474
145,74.91402026927648
146,102.94336317006312
147,95.40951037039292
148,85.20411171895535
149,118.13884425075807
150,71.66515740544814
151,91.09418994067843
152,90.4360169120626
153,137.07408887332355
154,122.5813213036094
155,92.69602992145866
156,143.52716693746567
157,169.95547186207008
158,92.78015314278562
159,315.00911759442926
160,56.90181303525945
161,98.7943239999059
162,95.18973863456249
163,117.36935732594601
164,67.643270175558
165,98.08825499715482
166,595.0412398315198
167,104.41140263315856
168,96.69076326146565
169,46.371981962209404
170,128.7163766347214
171,85.44607243792883
172,106.0221536087097
173,275.67916350678746
174,88.10526852272518
175,185.21525125898157
176,56.171958379820516
177,545.9683182496124
178,120.13566152534675
179,143.20718975612948
180,88.93311017113007
181,72.22702251671953
182,34.163130040481214
183,192.36884312212464
184,160.93647591895513
185,137.86012987586585
186,72.51104442249648
187,67.5020577112457
188,60.62019111242731
189,98.74163319187146
190,114.58053606709575
191,155.87834957233508
192,78.25456243323627
193,83.80106588131177
194,67.40998182873334
195,82.41260087309993
196,573.0846223575621
197,98.06326256863446
198,105.02478431497775
199,97.08917135528068
200,84.46667525018644
201,79.42450419570865
202,183.8219953112912
203,187.0954999254525
204,131.8670839045074
205,127.06420677948645
206,73.76717983774138
207,121.49963912802069
208,96.93907986668101
209,95.90523015457286
210,61.868824741446595
211,88.38367284186512
212,56.62884494582259
213,70.33935839659073
214,76.04471134453946
215,338.74450685977183
216,64.61152356070265
217,114.11955441666655
218,31.27378747875995
219,133.90272767209422
220,62.3853950017213
221,90.99638764486613
222,93.18518062188129
223,104.38158036276153
224,85.02269997137523
225,372.9350419835173
226,79.4041045189824
227,179.61733505387537
228,76.43175791503519
229,338.9069460096594
230,134.89427289172286
231,296.02706075640384
232,72.84666091239595
233,103.96887145441661
234,38.21979358554678
235,81.65083939020396
236,17.003205173002502
237,56.9644278565814
238,166.71973196344433
239,38.86534658667083
240,193.68287378390048
241,185.9818596072809
242,67.35357882548581
243,96.74560012489297
244,175.39731851291123
245,86.61050597404426
246,60.148244340014166
247,33.53007400891688
248,109.07528542097631
249,103.06780918509186
250,176.53953959445874
251,53.72187564112573
252,427.85639636177814
253,84.90683287971068
254,618.9868064701445
255,61.561776895922975
256,237.25251062074994
257,257.72415060159125
258,189.76917835387627
259,85.77746367420298
260,174.83017473756627
261,151.88246048090383
262,153.38745307165567
263,94.97653601871855
264,75.17703629683588
265,197.35010732573465
266,86.11995629593558
267,23.33967983995018
268,184.77602021373323
269,77.50824903066673
270,501.8283262188123
271,68.28762596228843
272,182.27502372402432
273,117.49893955817892
274,100.42765171716074
275,75.70066999344228
276,30.67953534116951
277,328.1091351507531
278,106.34082975690245
279,191.54952356381608
280,103.30135293284862
281,168.20457309463671
282,105.97696068598876
283,78.03649162969089
284,286.3077423775796
285,35.46914090293108
286,110.04229799588214
287,119.2154856653268
288,127.14339585309841
289,102.70088858377353
290,86.15023894000527
291,274.5879280000935
292,96.80004754173802
293,156.77274456086147
294,30.70487260524649
295,82.27731252999922
296,88.53623359718455
297,69.87410051546644
298,121.59809430845574
299,27.92835697877386
300,304.2710354529006
301,77.1808079546171
302,98.72213607810077
303,101.01611932945261
304,141.2897937157184
305,68.11204974628907
306,101.41866133195484
307,98.89367243894871
308,211.0583615812145
309,179.80639869054332
310,71.84915390789763
311,203.94916768098685
312,84.1683589038832
313,202.3028538306833
314,54.20562015785912
315,165.0802819547281
316,362.6837692280643
317,70.46511061302077
318,210.9466427928188
319,78.79406270293757
320,69.05747798385305
321,73.50084243471792
322,89.14166975802618
323,150.89731253714618
324,126.38104470855386
325,168.15848682947785
326,50.10065612805282
327,487.4514256538202
328,155.01104546691988
329,92.7817069403732
330,104.86423058641155
331,136.71876207587468
332,125.50956574797931
333,128.90549350561733
334,79.55579419068052
335,187.55585728311553
336,147.50240448476396
337,62.678478522673025
338,31.58324863856607
339,77.7879891731431
340,370.95815835345377
341,55.71650822846296
342,84.60371575897767
343,333.3954458224217
344,152.16694992901066
345,104.91032671245333
346,125.96327997694426
347,134.35526352447351
348,85.42951012231761
349,93.52531390626754
350,195.92704184788343
351,220.57629083974345
352,73.1729729941825
353,73.94632996573038
354,143.32090319219185
355,84.07571073089946
356,73.32218067871342
357,121.25300180363817
358,544.9396756647947
359,428.7001528526019
360,80.08434310567763
361,106.84530835120457
362,88.5696109061421
363,109.4979654531873
364,86.42528316313071
365,151.84839365562567
366,101.76267903191967
367,95.24276272449265
368,89.33849879645928
369,61.7063540752395
370,89.98077058593562
371,132.12382385051566
372,82.76185333457627
373,52.63155052464169
374,574.5130960422792
375,137.70522368563456
376,351.8273796893359
377,117.91328419687868
378,78.77698037747012
379,567.6009851369721
380,71.86121802815784
381,89.64850958384535
382,144.24827011193608
383,97.52165082191347
384,85.53346971068628
385,105.22084842262842
386,124.15276474893368
387,446.0009198934341
388,122.6045177647636
389,159.44798663784835
390,158.54184164939616
391,182.97051524476979
392,101.27400130855615
393,80.82751864799711
394,474.7006807649975
395,101.7746356722625
396,136.51738830655688
397,166.55350017015175
398,124.92280224766488
399,263.16038039224105
400,107.7302447852558
401,126.49226074781582
402,87.46011325309867
403,190.42848724634695
404,136.53746917071624
405,93.35457772647693
406,96.06136866976375
407,74.39577197229117
408,102.95883284397698
409,114.53987335087069
410,83.72521984479687
411,84.15931838504454
412,51.68257661333979
413,89.45127881629213
414,391.2836478614596
415,139.23058111382522
416,57.79585156333585
417,53.47950330006152
418,45.638845626574486
419,271.929810464008
420,164.1848778600969
421,88.0451162820833
422,136.5972986323826
423,178.87901658729518
424,648.3783992130121
425,127.85526083073037
426,329.19071923196236
427,64.67139384576254
428,92.69431964678408
429,65.5562363198174
430,93.71961071291773
431,65.5988496789172
432,84.02662853419302
433,132.97187144243898
434,103.77235665186844
435,23.40824203446428
436,119.75703627996262
437,131.22579257748228
438,123.3799115354749
439,100.7615116264328
440,330.9151855085301
441,580.879073579468
442,103.67839775639834
443,80.33279789470674
444,735.3511916351308
445,167.46003045955007
446,140.59253985485861
447,77.07905866283491
448,70.65828490607505
449,182.15273702783367
450,100.60167164358528
451,367.3936900369459
452,123.69328132010712
453,108.07824153690747
454,119.91394108398646
455,145.5790864666075
456,96.84756727704556
457,56.60742837424923
458,88.6344888928751
459,67.59938201220878
460,49.68126148785254
461,16.884173804716387
462,131.73973168662593
463,83.1315622483487
464,91.0112240354175
465,81.79660786224366
466,170.45754665712613
467,233.66440789914475
468,95.74168432543648
469,50.3611105142508
470,144.46525643211518
471,75.38559667693251
472,118.14269669848841
473,611.3123637884163
474,89.51312017845247
475,113.73218937565707
476,118.29832199600591
477,77.33923163541985
478,104.5679318598937
479,160.7777423698592
480,98.99701272781087
481,160.16183150976724
482,89.23396577996886
483,210.12187318511073
484,112.49053007705703
485,62.480669697855035
486,548.8482961509352
487,106.42874288970067
488,148.32363559562927
489,199.63398838727827
490,60.10953907866752
491,563.2548935282821
492,69.43055409194302
493,158.15266867841203
494,347.78224758072383
495,67.59773382362586
496,196.80912422944073
497,97.77042548474775
498,88.53853133411728
499,61.29839096817068
500,79.11766623610333
501,89.86264222903193
502,117.64928979732208
503,85.46102560544115
504,124.72268767879432
505,115.18577635256386
506,121.29722439675189
507,107.23603455540922
508,56.252866237478635
509,18.654348176401932
510,103.16214598350926
511,89.24392550529382
512,46.92598259655791
513,71.32014983013576
514,64.39520568398395
515,116.6091679936512
516,96.33308203413313
517,37.88916761239305
518,106.15906679790652
519,86.02032166210893
520,346.7065012387876
521,76.83733391816537
522,132.88442047118627
523,89.38565633412742
524,68.43686756466974
525,118.93773130290539
526,75.89016141181894
527,71.50613563365559
528,118.37623895455047
529,89.36648663464852
530,83.24822528722387
531,78.05747438328412
532,199.36716548175008
533,74.98677718206574
534,369.66108342258326
535,26.910654285914777
536,153.36458425477161
537,125.62520353230109
538,356.99329256523913
539,73.10387197672874
540,310.5882261534582
541,44.951742058265715
542,265.4418109630725
543,192.97794637793936
544,182.54829171343715
545,75.39487642617358
546,17.49391222716571
547,94.11612492252132
548,54.940568792959546
549,61.475896345405744
550,160.07313276161088
551,71.25182683929992
552,180.48391595822193
553,172.40750386001466
554,51.180272014210736
555,117.10359688323422
556,139.5198516189071
557,58.45741448498195
558,326.18582066625146
559,93.12301101698921
560,74.61718157521675
561,187.94510114307784
562,144.5245098363959
563,187.78699307280283
564,93.06058983411246
565,185.32777241384352
566,91.19854283493541
567,36.75096968966178
568,83.26973692156703
569,58.39133910080499
570,482.2774860855424
571,102.05403770309854
572,112.06336899142893
573,192.07043661388522
574,94.00074942190697
575,267.41982936213634
576,593.7456546319247
577,94.82318633758068
578,69.46283082514431
579,69.39569302759816
580,70.01684479975206
581,88.94705055066183
582,170.8380708320786
583,71.64633467294162
584,133.7558730237315
585,118.83492005693105
586,83.30802042751445
587,135.64321303366393
588,81.89012369825019
589,62.58110338352092
590,466.03444254994787
591,156.0974362478557
592,112.62750874926174
593,107.7261139164581
594,99.91626595709693
595,282.4964888168536
596,127.52371896834975
597,92.71367679418618
598,120.46731203288144
599,86.20147800611882
600,122.94214451474978
601,30.897249114145637
602,400.8781263925181
603,67.95841926099241
604,78.98294812481188
605,75.36921517666534
606,137.34482940704555
607,105.78329171888984
608,99.1447744556643
609,197.0711921946646
610,108.60447146026843
611,135.52306432959148
612,111.87624582304448
613,137.57800709996965
614,163.58326064447493
615,47.65881287700678
616,49.31814417932516
617,84.97905642054853
618,53.10204561253625
619,193.13783435331928
620,94.11021636145144
621,107.67063231096296
622,77.68481642701937
623,111.2921395201561
624,86.30582874379935
625,85.65726313224667
626,178.19022433170835
627,138.28887521421683
628,183.87294183061803
629,115.73208851312981
630,81.35118327413154
631,101.75969639447968
632,68.01599606193645
633,136.53709436669857
634,562.1792397564445
635,66.27492585165862
636,641.4385805313136
637,63.86446299989616
638,95.17281368948295
639,122.96815978166161
640,133.8444688726445
641,354.1341975456789
642,149.0105438876107
643,138.97351155574526
644,86.04941184950289
645,113.0671248418075
646,71.34842463928179
647,281.35618194518327
648,66.73010976902923
649,347.9766841595935
650,114.84222004689425
651,74.77220640219943
652,76.5541056352135
653,632.0195082905511
654,547.5457860990739
655,75.50932205628222
656,72.33247279908501
657,82.8122008111246
658,292.2477547571475
659,108.1867718546283
660,85.78697042263263
661,57.62300995106655
662,33.07634102811875
663,175.07032803764287
664,81.41222623345556
665,141.78425173363564
666,126.47150102673866
667,301.18243314395147
668,474.5893509552337
669,97.143492682259
670,101.33712040380844
671,343.9110290552525
672,221.5399933938592
673,155.21190659690856
674,77.21418458559168
675,82.93856887454503
676,58.72529670684186
677,147.0598280755633
678,138.92678391306427
679,76.38333593936282
680,131.96887198211877
681,106.62532067610394
682,130.62468751220766
683,87.02212127734329
684,80.66048117800219
685,68.16302419152396
686,90.88706072155851
687,358.326096571522
688,65.78010596122455
689,50.91824447079826
690,155.59392124640192
691,76.69809514551108
692,243.8626226046018
693,102.96918615303305
694,131.06223321746256
695,102.92144159838779
696,227.60172277799722
697,93.27755288799443
698,75.98092295650952
699,387.1418613826521
700,215.92284045389894
701,78.74361141674453
702,309.0528957222837
703,85.24084195561501
704,126.02271065005233
705,91.9263941611546
706,138.59837287993417
707,328.07631272733295
708,134.25347494060676
709,226.46148905658546
710,615.5854393168459
711,60.26139413241726
712,33.79937521270775
713,109.57537097611566
714,132.64118068656973
715,114.45980675081951
716,81.20698548171677
717,55.28519835420583
718,385.9991566646203
719,83.2311398747701
720,69.35354292749646
721,179.4656870380427
722,400.93707479496896
723,47.98142613954996
724,184.40828419749195
725,117.08312786087592
726,99.7073313138587
727,89.18748063435315
728,283.9219353945497
729,80.32638187865795
730,112.6213168293033
731,50.43523711939801
732,146.99163319836094
733,183.6162907045987
734,72.7169137309841
735,87.20547474101689
736,204.94267248273735
737,105.80926280083261
738,88.9802687584284
739,173.20905538922165
740,405.31054117946195
741,63.95258316628063
742,376.7660827787411
743,124.44139363518126
744,124.45910601674635
745,261.84721300629866
746,383.44375581245174
747,82.14272247010824
748,84.09495384577819
749,59.42480274514978
750,69.35430205659105
751,141.26189909588416
752,600.4672563904463
753,218.0857971581917
754,122.65535128274882
755,322.74713222959576
756,389.1626802894189
757,78.9696566014577
758,115.77812324860021
759,475.2952265748473
760,83.44862023934077
761,340.22875431488757
762,134.47556249110153
763,162.12571091231132
764,116.28536979024857
765,80.04271130367677
766,147.7729258744397
767,108.05030536676534
768,81.27078220504497
769,17.883394062518743
770,212.0767195796974
771,109.3809406974617
772,109.88717398724779
773,88.35488447275017
774,64.26776500155712
775,92.3971038805204
776,123.16999224243061
777,139.05427291047036
778,58.46296323357818
779,390.71763421260255
780,152.3337895772105
781,81.10069333882191
782,81.63414825823807
783,145.09905170786124
784,134.5449860981206
785,531.3478727465395
786,63.6868473878863
787,145.5484635820714
788,120.95841975597001
789,477.32760942459964
790,140.64088111879897
791,63.1850352375576
792,106.98533693706047
793,56.356396607464
794,84.65019219975494
795,71.29596421546411
796,233.89902568855126
797,90.53868535314253
798,238.021657437782
799,74.62010174332679
800,268.0369954224708
801,38.85179177734502
802,85.32094278531014
803,58.80721184967753
804,154.9434446568683
805,131.61556532374476
806,87.96569187635679
807,95.27560171952324
808,67.38052477155044
809,129.438812016579
810,109.66232533699831
811,150.55249176304866
812,95.74722819189716
813,102.9356205182224
814,358.2790565004939
815,537.688000487398
816,634.9676893000285
817,75.97159948302318
818,119.56461560855426
819,66.91569498953176
820,72.763757620666
821,95.17954653617892
822,103.36292991030713
823,162.12500597305367
824,471.9707026012011
825,78.18394701917043
826,89.58461447842208
827,437.7338400721037
828,77.79048195361888
829,70.15225519360789
830,108.09966766617487
831,118.88282492206963
832,90.54151390763934
833,59.67591906838671
834,147.99394642660442
835,113.32916222434267
836,108.40945105989535
837,191.02662431724698
838,125.10075765237058
839,30.469881163308386
840,23.937783387466872
841,84.51263929704454
842,51.62873706697901
843,91.20861652105016
844,101.54983172659625
845,88.07614034279604
846,223.1563535501387
847,43.95721065045933
848,108.27099040180205
849,451.75422896139025
850,49.76914098759895
851,424.76562872017735
852,111.36859530701417
853,26.952980378474955
854,75.0723389382793
855,73.3874897952261
856,92.9086032562719
857,195.67719856360017
858,106.84827131779376
859,189.59759468764483
860,211.6540553727202
861,57.331048285101545
862,109.18528678152728
863,117.387699919847
864,440.0541775780267
865,72.18188824486916
866,129.59968320793382
867,125.8815836721006
868,148.89738862940783
869,105.09161713952427
870,88.21133869235686
871,96.74042990907141
872,90.06019432804665
873,62.98461892351071
874,88.25721727704597
875,88.36400181834509
876,90.03661260687115
877,157.35262856631317
878,111.29131621856244
879,46.755979634999825
880,141.55245446512612
881,450.5149202023638
882,99.38790888265697
883,97.07236993165473
884,122.03537219048836
885,139.22564889816945
886,99.5184540039287
887,237.12518040253912
888,157.09463650354485
889,631.590786171311
890,95.5615260586675
891,286.77038917852593
892,107.43573714005794
893,330.63774943351484
894,110.80803679121713
895,28.894216511521595
896,110.04523456948098
897,519.5261903912007
898,155.32380485111742
899,117.6737242643206
900,123.98381394941696
901,72.36238739819403
902,72.99219883325722
903,127.94183742750016
904,68.39047304276052
905,54.90336042875985
906,125.2839424485299
907,88.61813872655702
908,83.14002722688336
909,121.733629989561
910,76.0176604554209
911,90.47559196668986
912,78.39780843486729
913,95.56018624774333
914,97.17404746579187
915,150.7333531483879
916,100.0799238533858
917,96.89328941142458
918,156.5228715606497
919,64.91850132858242
920,198.85905080933222
921,822.0712314475419
922,116.22166995045754
923,146.67800159364626
924,73.55969392369737
925,90.44688032368563
926,88.32890471315915
927,103.66470147831188
928,358.106170038424
929,130.48664111221686
930,142.20778695196412
931,68.51741385946035
932,219.2667409415372
933,46.707895528495044
934,32.243605375910334
935,291.0875520607352
936,180.40804037360996
937,78.06667088405882
938,88.75699569421008
939,164.92299910313065
940,127.91316057712046
941,87.01766839659618
942,212.36196173254962
943,90.58584731115009
944,84.62204853164334
945,88.96472644609315
946,126.43168327317667
947,253.06798126101617
948,142.67387787482036
949,170.43217270278987
950,105.54622995118729
951,683.1911168109488
952,153.43789753540676
953,121.19132149167484
954,106.33352968061838
955,103.24130886333623
956,102.42631522621919
957,120.46467744615848
958,140.6600254338264
959,103.2818372569587
960,89.11690799969826
961,35.30936196110656
962,87.17669723027694
963,142.1254527855249
964,134.3066575335302
965,100.81411897892515
966,132.60844438005284
967,158.2938366746136
968,60.00755045842984
969,55.00256405287237
970,90.49933028710909
971,53.50049288275258
972,102.61858195956565
973,68.89094075388446
974,95.61778444976831
975,57.997685411793526
976,95.73438289451519
977,113.32834620347302
978,93.69966862361096
979,87.3137604748441
980,177.79851099781933
981,118.71930923170203
982,91.59798743622159
983,133.76014616183545
984,139.09677448360208
985,400.732046679674
986,104.30865556488516
987,72.7713505263371
988,250.76866129892207
989,158.6585550693224
990,364.9757077768294
991,189.2103272985005
992,509.0997264183853
993,89.34945802132003
994,90.14201893663868
995,622.9783128820136
996,76.45618557691648
997,491.8455488847029
998,29.708435012537333
999,216.4882436495467
1000,524.7919486370329
1001,76.0283705428858
1002,172.01724899519328
1003,102.17824481530272
1004,25.352049121942624
1005,83.18967811238086
1006,70.72234126602693
1007,83.83629263597183
1008,77.81737068199976
1009,106.02411175663858
1010,140.09171511088607
1011,114.8703366321882
1012,95.43021937484203
1013,88.9062203143333
1014,164.4586343260619
1015,77.97323120742935
1016,136.48553301116306
1017,22.205762797172333
1018,368.74414118109894
1019,146.14929268414485
1020,67.5440753139567
1021,80.85315385135588
1022,146.07090491547564
1023,88.99486319773052
1024,85.71131221587274
1025,113.66837513084819
1026,50.79000531977424
1027,65.00861356321826
1028,32.142373134887485
1029,66.81464299189345
1030,106.67645097733862
1031,117.29164979511205
1032,126.48307935367514
1033,63.23731606046995
1034,86.85055117090798
1035,78.7365485103885
1036,370.89613735244774
1037,83.04414383766354
1038,102.47427807414172
1039,84.70880755286345
1040,67.874019537597
1041,29.722163678433294
1042,74.92313782518656
1043,75.07520950414086
1044,73.98412877262287
1045,214.37325910287868
1046,134.5271276691054
1047,166.6764263230151
1048,91.0390671344827
1049,146.04170074435618
1050,39.63704722513233
1051,69.91778135533414
1052,123.00550870940333
1053,32.17537497317388
1054,149.86535071572334
1055,86.45076399101161
1056,94.04715135620293
1057,114.31829560616353
1058,26.895405509976356
1059,109.6626737664307
1060,190.5417652388639
1061,58.96841354433123
1062,93.34175480833055
1063,117.85950436897186
1064,165.6183223964376
1065,131.82360006209606
1066,124.02261145500736
1067,125.70768334371441
1068,77.70529327241205
1069,74.73886100651124
1070,89.31147182445166
1071,76.06315372641828
1072,303.23477699040876
1073,138.58203555940207
1074,81.78287354897316
1075,104.71283342907356
1076,130.79347255549868
1077,424.30684426221785
1078,228.11314960535412
1079,156.16209500881422
1080,293.06196267048983
1081,39.515821077320936
1082,503.86204245326775
1083,360.8170435696639
1084,146.88880161132113
1085,77.76331865844938
1086,122.5066037364924
1087,73.87012335005532
1088,302.8299714116219
1089,79.28544825146481
1090,73.72804987258174
1091,111.05542924064892
1092,295.7743403563084
1093,119.18413517791484
1094,101.5887199199008
1095,35.34618107114342
1096,52.266668743507644
1097,146.11643410874362
1098,58.673869337452814
1099,92.55257234348883
1100,150.43444159953486
1101,161.92829652427878
1102,137.32182825246286
1103,132.71363597860505
1104,68.18728647490344
1105,52.612193220718694
1106,72.81664266730789
1107,880.0314542919825
1108,279.98185473777517
1109,85.28574534354973
1110,142.77229512265816
1111,60.72286738638698
1112,407.70187417000585
1113,193.03672192787093
1114,173.75582350830206
1115,63.18640237172151
1116,155.53086302965218
1117,70.96609703933656
1118,127.10817796977076
1119,35.12855797533002
1120,51.07583317193535
1121,34.53520968400188
1122,338.34933967914486
1123,110.38009413324295
1124,53.86366644174594
1125,94.59857503944674
1126,169.19557117631962
1127,176.01476765616025
1128,109.43282845325015
1129,156.1975131370831
1130,122.14041484545956
1131,76.59741277429886
1132,113.07692925108357
1133,141.312072310855
1134,43.175807913756756
1135,34.564675353707266
1136,387.21080156921363
1137,80.02530902514545
1138,71.01625225484915
1139,95.08318900358756
1140,181.62663440415963
1141,139.68289889393074
1142,69.5287315228557
1143,125.8115437329806
1144,82.2725333858548
1145,130.8869347040346
1146,67.98047824492171
1147,147.48866803937256
1148,70.24021243329575
1149,120.3648443033309
1150,136.45059844545682
1151,57.15243135001993
1152,109.09134141425636
1153,387.14263170696535
1154,91.14680326813763
1155,146.04752157866295
1156,134.92446764259776
1157,501.8712177218101
1158,50.470716792332674
1159,87.75677068606565
1160,329.78716784719416
1161,103.25282915793862
1162,181.45237928463777
1163,162.2194396206287
1164,105.53691421662909
1165,106.26118698503683
1166,79.71857735760902
1167,101.40346356539011
1168,84.05062308281711
1169,106.08184323390005
1170,138.31308280977464
1171,74.84885030419487
1172,177.89255562900777
1173,121.70452300641654
1174,75.56935983627503
1175,343.16654539947785
1176,73.53685770362803
1177,98.93572440815022
1178,186.54932926194925
1179,20.848280327040023
1180,20.773945062446415
1181,88.13537088183422
1182,95.93828311586401
1183,257.95213047565915
1184,136.80479293710513
1185,85.96062173128634
1186,201.87075050287146
1187,75.34272297580834
1188,178.657705499378
1189,117.63569805170175
1190,55.270216464710145
1191,135.86959510502828
1192,43.76007484661716
1193,62.65168621679013
1194,82.4783501521153
1195,57.13935571302512
1196,110.40093864350591
1197,80.95115964215104
1198,49.91398870904169
1199,119.20112230740673
1200,328.54924802436506
1201,87.64139200344805
1202,207.60920934820925
1203,60.61094914770534
1204,171.2539220953922
1205,32.94176839662932
1206,102.00357984393163
1207,123.10391882482762
1208,123.47809140933
1209,55.72705027910246
1210,66.77648367612242
1211,92.63396458787874
1212,81.74808438091084
1213,80.04732597660073
1214,193.49248666277285
1215,166.1080263398575
1216,336.3222384126402
1217,21.0390313027755
1218,70.31286544757519
1219,85.29185683288091
1220,73.44862187608334
1221,493.2626258118614
1222,369.38450341540073
1223,107.21177635451053
1224,94.77114333422318
1225,61.65830829637826
1226,78.93041751817456
1227,188.50298555155797
1228,61.75336337066056
1229,128.4994655124744
1230,307.3328329755252
1231,155.287954798171
1232,139.02008221888443
1233,84.59710521191631
1234,66.39255227875532
1235,147.94101727678787
1236,175.09367893882973
1237,72.39485020551956
1238,85.90475183384501
1239,129.97470056299275
1240,103.38564893868944
1241,43.90046360900054
1242,88.8533376633363
1243,88.03235177526274
1244,80.74902723197697
1245,344.50823459446997
1246,137.19661187321432
1247,203.43042289103877
1248,130.99600514243085
1249,86.70401101156695
1250,345.994855101514
1251,204.0028272428485
1252,586.5652401816632
1253,91.97501877435363
1254,152.62162353025462
1255,103.36421164172745
1256,291.21919204249974
1257,95.27910919179493
1258,73.08590811642519
1259,119.21244981103344
1260,67.27358081608982
1261,50.274492678577566
1262,179.9706250792373
1263,119.70097804595162
1264,196.25830062802783
1265,488.6362072100142
1266,87.60745177370772
1267,182.01530981629952
1268,589.6082585879195
1269,100.48701661968096
1270,320.47246222653257
1271,87.7916122466225
1272,62.57915413047667
1273,26.10124671296234
1274,89.65569968528698
1275,106.38357944870863
1276,15.09813225035714
1277,95.66101042069955
1278,25.959064721065996
1279,77.93053588874032
1280,108.95434566742304
1281,95.28179951618662
1282,137.86264585950744
1283,86.8712831716002
1284,99.76872716807529
1285,60.130185416641766
1286,70.79387059208148
1287,227.1685119106669
1288,66.4468900970866
1289,22.417033245594443
1290,119.62406587668688
1291,52.610648865948136
1292,177.27131966248527
1293,87.85446004294505
1294,790.847970056845
1295,133.68694293598818
1296,72.07538506512873
1297,82.01588636102043
1298,187.21685977849697
1299,182.66384273891657
1300,179.4584237639441
1301,52.76712756357022
1302,25.80575308610909
1303,92.14161195391148
1304,132.2147713974984
1305,69.58026464593476
1306,89.49717202986723
1307,80.64423260103905
1308,110.01787381506627
1309,107.09800515007282
1310,255.76419982867532
1311,91.95168460284785
1312,149.0708637905645
1313,40.71182025768869
1314,362.93562971087516
1315,81.03810411207702
1316,88.2548817573081
1317,94.59569130026583
1318,90.29133473490613
1319,150.9232472780345
1320,90.89733064023359
1321,63.0649584467582
1322,206.10521837380037
1323,58.363523857505605
1324,74.70296105715713
1325,357.1850740155969
1326,77.43922972108814
1327,59.42146652961197
1328,183.46434882475205
1329,127.09202749900518
1330,128.14176389620977
1331,101.2349980615087
1332,712.2083188076617
1333,171.6285821835103
1334,76.5887150043813
1335,133.776810138006
1336,51.18722157602058
1337,123.57139601601861
1338,121.53131480090376
1339,74.80724532113065
1340,113.96401147130851
1341,73.85982775906416
1342,100.62809331790139
1343,88.32009413529643
1344,82.4550479750731
1345,80.27080582170417
1346,101.8388214719394
1347,71.16588526748353
1348,143.92706592946405
1349,69.05747981916227
1350,214.6054920699927
1351,75.06602575697136
1352,180.43598910740272
1353,76.12286687534292
1354,103.27387374317065
1355,109.91473585294693
1356,190.09331985395062
1357,116.52164704315342
1358,107.07549707405472
1359,43.502206932924246
1360,123.19548550807113
1361,107.76980121709651
1362,67.66730673737402
1363,96.42950222092047
1364,308.07023802241696
1365,131.0753291706157
1366,136.53417278247414
1367,160.5655215177651
1368,67.67642531336132
1369,72.06742629192942
1370,94.26210639796497
1371,98.848892112515
1372,123.62800749083029
1373,168.8822301592007
1374,96.71802690525035
1375,64.86960007047033
1376,146.85756536799536
1377,64.17866354937584
1378,57.6710662468028
1379,290.3481756361907
1380,77.25171663131927
1381,20.296505595406398
1382,164.78377774621958
1383,159.11371798678445
1384,87.17898705466865
1385,81.91919754114343
1386,72.00779338120805
1387,86.79027295269654
1388,69.30306831551873
1389,103.19109304362445
1390,111.91408200554599
1391,78.61000863120347
1392,92.51183373657722
1393,392.5297827353133
1394,126.39171472321894
1395,100.84114867389191
1396,62.842951350794614
1397,134.85016371084618
1398,81.05844622009141
1399,140.4017268823366
1400,110.1565714227782
1401,104.2953629488597
1402,376.3684048848097
1403,505.77587658228083
1404,134.0531390154107
1405,76.65978485810007
1406,112.0909840219838
1407,93.98085867715167
1408,57.493717448914225
1409,76.30883592392723
1410,208.26272544484144
1411,85.82652340013807
1412,306.7994754192587
1413,84.70156132479201
1414,136.8040605273302
1415,76.10687953811995
1416,156.50769928942833
1417,361.6188558847235
1418,179.72212919367797
1419,48.521111221897684
1420,52.363288729863804
1421,287.6756273156474
1422,122.80724464089684
1423,189.32324248585752
1424,76.62777509304813
1425,46.33163876064065
1426,90.23436002773914
1427,137.79389361169376
1428,76.57966212613658
1429,187.58517111691813
1430,114.31887654014794
1431,548.5389678502365
1432,189.0659405433295
1433,257.16771040661104
1434,34.91684533279473
1435,70.04721449781724
1436,325.2192901057772
1437,96.97526667100296
1438,59.60902870115838
1439,73.96049828999244
1440,88.60034697091902
1441,167.366905707559
1442,105.75745396434407
1443,90.15322100051822
1444,201.41901045156675
1445,83.70594822754819
1446,664.3642504630565
1447,178.91981820323727
1448,365.8361699259803
1449,208.4594888084431
1450,60.228447521750034
1451,88.07114867348267
1452,67.21492673466759
1453,71.17857052948342
1454,90.15322100051822
1455,94.42486101481317
1456,156.08774262568528
1457,63.02354682373442
1458,474.90379590213536
1459,157.77975509492364
1460,64.25127182122979
1461,194.59924371914414
1462,136.80517232304194
1463,89.0579689010722
1464,79.105072361743
1465,110.41438493528315
1466,124.93651992249619
1467,158.09956396079372
1468,60.975823597829724
1469,47.23708555639332
1470,147.93752891130387
1471,194.5188023752496
1472,137.56984474955303
1473,50.62777086482435
1474,68.05632996540027
1475,261.4789703999815
1476,173.01626201028654
1477,263.7202938196982
1478,123.12001705941178
1479,215.94112785030782
1480,111.45532729999252
1481,97.23332496052238
1482,182.19051865702022
1483,63.81855896757148
1484,84.84728182309351
1485,90.41938731517845
1486,175.89711688617786
1487,73.28309446108665
1488,65.25536607660956
1489,67.70610551765725
1490,95.01215448924508
1491,96.224641553299
1492,99.79041374410828
1493,122.15869397120031
1494,248.95110856132527
1495,481.844072971204
1496,115.3266377791971
1497,138.3519348132772
1498,89.44460064152265
1499,108.8230809387255
1500,112.53610683436348
1501,88.57395857471889
1502,101.10125773230774
1503,165.85628990743402
1504,87.03979848774749
1505,28.80973250933019
1506,66.35116208193372
1507,44.185473703344904
1508,427.68134966317473
1509,88.93371056255012
1510,72.77641288452728
1511,46.14542653284666
1512,89.08302164670631
1513,37.365928869087966
1514,186.04932130894002
1515,57.865399695112686
1516,41.90214605620637
1517,139.64900500902408
1518,69.83230518630997
1519,114.20399884416008
1520,88.17373487930003
1521,229.85431709688646
1522,79.29957515570669
1523,144.09401280879624
1524,352.72666604801697
1525,117.01286412210698
1526,169.76260737941863
1527,64.05319325016394
1528,167.36401760118682
1529,70.24399975291838
1530,101.2806958265331
1531,57.09208991201196
1532,82.41464881348845
1533,33.301002761433864
1534,80.04723374508332
1535,131.09376288571033
1536,467.27516840502403
1537,94.48705182355954
1538,121.16862634197709
1539,89.24157122474034
1540,29.94963374981581
1541,81.25587850191134
1542,111.05241451516423
1543,165.7035572618835
1544,99.7208408873618
1545,70.20983081467226
1546,163.47121694899468
1547,84.12339084683981
1548,136.21974223648297
1549,68.07552504803134
1550,74.69862122725253
1551,82.49252065265185
1552,126.99963404330575
1553,279.73178260729685
1554,546.35978972618
1555,139.4622370856357
1556,168.09286941227273
1557,302.61509077482015
1558,62.51903624879636
1559,129.31524131879092
1560,62.23959567031483
1561,93.8918754169781
1562,104.74886868387316
1563,101.41950596349086
1564,111.26709201071789
1565,138.43636880833532
1566,137.06502046272368
1567,102.08911156611711
1568,61.85165912668489
1569,110.2952659961386
1570,62.996351763546194
1571,81.89149665589355
1572,85.25822073686975
1573,122.96144444095007
1574,831.4587581863469
1575,38.050135879740495
1576,118.78225446540344
1577,72.6763762588963
1578,86.56156862458623
1579,244.02584723435413
1580,126.54897778397654
1581,63.05083888931132
1582,136.3677112232252
1583,87.81935796509389
1584,146.39524274904642
1585,93.57475980686635
1586,152.61842044029513
1587,89.1747531274171
1588,116.86932520455548
1589,38.52414427636936
1590,75.30297359811999
1591,55.792588074649665
1592,100.85785135841341
1593,190.29941983136743
1594,180.96623191846984
1595,79.32502574946625
1596,118.91691764794714
1597,189.49343122183666
1598,119.36984564437965
1599,154.99485016059276
1600,78.29961470232246
1601,49.88914127291648
1602,54.561577695650186
1603,87.37828711098625
1604,343.5242751640567
1605,95.68410362964853
1606,123.79723569178581
1607,101.11668278319102
1608,58.82214958355892
1609,93.57237628021116
1610,87.52211561083988
1611,164.0773505397392
1612,142.286716401831
1613,477.2847506504962
1614,155.98041802434696
1615,98.38469095942568
1616,140.91615464266303
1617,104.62841930339027
1618,78.3048636218353
1619,107.36143411208602
1620,81.0367425346762
1621,101.25860251275903
1622,109.48442760683606
1623,88.87263148320392
1624,308.3657522868104
1625,56.91964637524734
1626,156.49998622300484
1627,122.62552574449242
1628,127.10861620104706
1629,173.51908345185782
1630,68.58459371568598
1631,69.56461048355978
1632,52.521323329674466
1633,101.77932092467499
1634,90.92865947558117
1635,118.21593391120798
1636,274.7752938344926
1637,65.89836112483535
1638,50.10355529034101
1639,153.2699663923526
1640,87.12984355111219
1641,91.52189112473626
1642,80.70879482255935
1643,87.89057604852049
1644,75.54083805841654
1645,104.7689199573416
1646,118.58982326400425
1647,140.56258946863258
1648,198.15643266099684
1649,94.68628434327123
1650,84.87572216015047
1651,243.65404344789175
1652,100.03684050086402
1653,66.91818512307019
1654,33.59037915896473
1655,108.12743707069212
1656,70.27599891340138
1657,198.08793006074137
1658,112.13748745307136
1659,234.55192429926268
1660,62.53418812108032
1661,103.2987383659646
1662,79.0680621681799
1663,59.78868140924108
1664,85.70484472104674
1665,82.66958164477084
1666,43.425484410998536
1667,113.66235232473494
1668,21.090791829838828
1669,92.00904640719965
1670,122.85672981764213
1671,87.21480186552921
1672,95.63756350069686
1673,134.56443695566827
1674,74.88291084359649
1675,140.30170214552157
1676,383.74619980281506
1677,119.00826094941105
1678,33.35103825393251
1679,174.30963231684518
1680,201.09558405039823
1681,122.77817371064529
1682,111.3744601860048
1683,71.00017479122903
1684,113.6479251811414
1685,214.3620206735771
1686,80.73511660228776
1687,87.04670618742664
1688,84.49832214344814
1689,27.12489238944772
1690,169.69275489621498
1691,157.26003299626876
1692,156.03780518996433
1693,168.37525442073243
1694,59.28439916131985
1695,103.03590203688888
1696,386.63481893948625
1697,521.6389178354356
1698,288.6728226922092
1699,456.0649907179848
1700,80.77031881164189
1701,85.40391553574662
1702,137.74747482533402
1703,41.89920098483017
1704,132.92440968710812
1705,35.73433724577166
1706,61.341972936135704
1707,108.06295305806903
1708,29.409572640425388
1709,166.2276491603295
1710,432.46934814123455
1711,105.91723039945907
1712,58.193944189793385
1713,108.60936807697277
1714,73.80454456280492
1715,119.74186657132132
1716,57.277375563617156
1717,125.89989110441378
1718,141.758420205946
1719,101.64693457555153
1720,132.6180100827558
1721,55.44861372439652
1722,95.8915624717993
1723,102.64575897683554
1724,300.94173613318736
1725,85.55891495035819
1726,21.51312539857496
1727,98.38976346932893
1728,71.71733371118742
1729,454.6657934792552
1730,83.73207605695156
1731,82.68942304284931
1732,528.9688378716398
1733,52.446130331442596
1734,233.92750984104705
1735,622.0740013356492
1736,108.43404443932457
1737,364.67071361411683
1738,82.48370781873744
1739,143.85534855225563
1740,82.37594473280335
1741,111.97951145729773
1742,166.75336391284193
1743,123.53153997912118
1744,121.96882874791228
1745,103.27042601973473
1746,85.41930589397114
1747,159.40946694544036
1748,80.4040219060273
1749,312.38428922299636
1750,100.4770841245359
1751,61.31804241799847
1752,345.88631126046135
1753,144.5193132891035
1754,76.36454984435328
1755,103.95168784075196
1756,63.01310621970616
1757,291.6212140976949
1758,106.37664446069128
1759,108.3534431008171
1760,95.64805325691
1761,117.32932719184409
1762,191.587195418624
1763,116.29874525205611
1764,128.97948657622558
1765,93.92425169632263
1766,217.08458776969036
1767,154.63779247988978
1768,111.94125019021277
1769,308.97854335411745
1770,115.3337986096868
1771,92.33428564891162
1772,156.76160882838437
1773,60.488911594631425
1774,75.4852780707463
1775,90.79282582268748
1776,29.476496220788444
1777,38.86121017219521
1778,222.0094804365777
1779,113.72531910183913
1780,72.3071813312746
1781,171.28766652650603
1782,381.8686555409351
1783,162.52398796577606
1784,181.9735064105409
1785,58.97846211852222
1786,75.66133521972492
1787,728.7703787291496
1788,78.87162830105392
1789,183.08377686480273
1790,71.36229126515195
1791,93.10169437639485
1792,74.99253467292176
1793,422.0697694900159
1794,179.42803465415446
1795,146.04833966691353
1796,170.45325761034687
1797,105.00849703648916
1798,98.68987120204046
1799,178.75970217234575
1800,161.411701747975
1801,75.43378527451794
1802,116.13965302514241
1803,80.55083057297558
1804,59.36907959377303
1805,95.62924934809132
1806,90.0350743452631
1807,78.41872199254048
1808,54.81142204542045
1809,71.87468493316736
1810,75.1241901420174
1811,357.00711077116296
1812,93.97536994478006
1813,159.48102161473687
1814,790.7140593099682
1815,37.03729471949066
1816,97.87209819243448
1817,78.10945020126263
1818,175.10340366532785
1819,69.56968138438714
1820,314.2747718015583
1821,76.10882423017927
1822,90.75447675493568
1823,199.92651253100473
1824,347.9337941492219
1825,224.66057889467956
1826,65.40576785373005
1827,420.62095703292334
1828,75.65865297134212
1829,531.6718237593404
1830,43.724715669401846
1831,82.3281127560832
1832,93.93888723287652
1833,88.07163044490359
1834,57.81585626248691
1835,174.65940132373336
1836,86.65201833837513
1837,249.81078143110105
1838,52.40699339731907
1839,104.82653367810408
1840,183.29167100723114
1841,89.08231326402337
1842,106.13356776583272
1843,100.73588778995529
1844,89.91078281801907
1845,73.39218028130952
1846,188.5625813606366
1847,161.03442184765774
1848,111.95255649068285
1849,83.57023021963603
1850,27.07030604311739
1851,116.98632174475736
1852,74.63969007002896
1853,188.58617656023142
1854,129.87473133046566
1855,51.63378661314778
1856,112.87899812534218
1857,167.06071235301567
1858,71.46179491538813
1859,226.21064890289514
1860,142.58350337457165
1861,114.51442468164346
1862,99.0947829288975
1863,133.15947478472805
1864,148.2683666223792
1865,133.0158379685454
1866,169.26099078165845
1867,86.688229098207
1868,147.97300705645682
1869,91.00413961634996
1870,85.76309883585112
1871,232.25885733427563
1872,83.99655861545335
1873,93.84751630099474
1874,78.849498593525
1875,114.54106926890185
1876,89.82972257966935
1877,71.18606088071554
1878,98.40860762952265
1879,145.37912785420835
1880,90.48510450537137
1881,69.42755404746998
1882,122.07882538817691
1883,450.7648808900671
1884,158.97922221498095
1885,109.43903097596078
1886,129.60290418308165
1887,80.07158071250893
1888,476.39631238631137
1889,54.85161090054562
1890,114.58795421648723
1891,59.55060580975574
1892,142.08328846581892
1893,107.82259450379321
1894,78.4356642407443
1895,364.2926263389136
1896,91.11697660982914
1897,164.02780843699696
1898,144.93990351313087
1899,366.9890098032626
1900,80.13486935394089
1901,219.4343188100934
1902,96.97180404852038
1903,155.4236639618907
1904,111.350861399131
1905,91.71840304521093
1906,82.97680905290562
1907,93.49200799417548
1908,458.12735840635133
1909,21.39383054684875
1910,53.64378735982012
1911,245.55252737110638
1912,48.46411328872412
1913,102.30078304888885
1914,221.6710749984175
1915,304.8904672394536
1916,295.3277545414498
1917,71.68944980276424
1918,184.8084742480907
1919,87.02354314130076
1920,61.86788031057449
1921,67.53105113994438
1922,82.42344177942081
1923,17.628857512641908
1924,122.40831525634239
1925,86.70532197584842
1926,142.8819403255779
1927,86.4877495017304
1928,74.24763013900863
1929,84.16637393418928
1930,593.9476716742035
1931,35.267350049926726
1932,110.3172661316347
1933,81.87249760364374
1934,92.71212573058085
1935,24.581248602216796
1936,128.87616910190204
1937,122.88047586925947
1938,108.13404588802035
1939,95.99926273524389
1940,61.419100038383995
1941,128.29330051321395
1942,110.17171987279005
1943,752.6793802664256
1944,420.8958945871858
1945,48.91776797626894
1946,28.680233812294993
1947,240.58824523141914
1948,24.617238527538298
1949,69.62634249676739
1950,130.17690721779454
1951,123.38987567357242
1952,29.0254552408686
1953,179.23526276211336
1954,113.72064926436866
1955,193.82767425405817
1956,81.75520370994006
1957,94.05393911028857
1958,379.8119694172362
1959,623.7750158871628
1960,27.118216304189534
1961,106.24106527498411
1962,365.6394238717913
1963,91.29384229941371
1964,89.19081828942586
1965,72.11026809059722
1966,143.6446783906427
1967,75.25402917206114
1968,96.52815222300585
1969,54.43026714379107
1970,50.29440664141472
1971,169.5398227877501
1972,71.73029156082927
1973,138.8773886174404
1974,69.67861423885529
1975,78.19497552411359
1976,131.35236106211372
1977,150.18135933362734
1978,65.26558747166308
1979,78.15141222595027
1980,90.95663006069105
1981,30.40264830145797
1982,182.33493330015597
1983,436.36414220332387
1984,103.52597877225014
1985,100.53494885646805
1986,75.6115096103115
1987,28.019712577935717
1988,348.39755029741366
1989,93.57937219199033
1990,49.65263776558289
1991,23.526760445279223
1992,74.92098856472239
1993,63.59364197437499
1994,522.6675641261371
1995,102.4845561983813
1996,104.7903466940358
1997,100.55458595514231
1998,82.27132770777287
1999,90.73061223556441
2000,142.84544976963033
2001,215.75443306827836
2002,67.07581643451503
2003,388.77991923623676
2004,78.13498611088089
2005,82.10086596386262
2006,73.43363447399379
2007,78.27195665701537
2008,123.89544243158461
2009,137.2105715375121
2010,25.408900710035628
2011,90.50728618973025
2012,127.09988715025713
2013,201.7231186256523
2014,114.85268416353006
2015,98.52923020695722
2016,91.24226456155607
2017,69.38174039848714
2018,80.26209042063854
2019,157.74010200835133
2020,71.94655525231974
2021,147.71759977582664
2022,158.1391675913228
2023,349.042496166539
2024,437.8694694472159
2025,138.60196077874443
2026,282.8990025656699
2027,144.10592712898756
2028,196.82079580431775
2029,377.8587370015016
2030,144.71123420819762
2031,175.17033425072168
2032,708.190160768438
2033,75.60648894486265
2034,104.18715935671422
2035,84.75709669399576
2036,89.88310934540529
2037,88.91114667968981
2038,59.5520185968696
2039,80.00011539715602
2040,99.51861870735348
2041,156.06985609599238
2042,50.62054113539546
2043,47.676084974263645
2044,361.33705565654
2045,182.5636460884772
2046,102.58945055636778
2047,112.2827283405869
2048,179.18651806913695
2049,121.44253526867689
2050,215.03276982455864
2051,137.0237027139571
2052,611.264316107982
2053,89.73885750394679
2054,34.13159150499189
2055,313.6234325856867
2056,312.77169921933483
2057,100.02708853893388
2058,97.60503169768272
2059,98.51426656533184
2060,149.40909211924557
2061,48.29348198225392
2062,142.13343112620194
2063,53.894872929967576
2064,75.69413274146797
2065,31.02538354012495
2066,152.8266444374547
2067,124.23141362480183
2068,135.10796542841777
2069,72.04440537644425
2070,360.0915610123764
2071,544.0149752758816
2072,167.98372321935923
2073,116.8350290749176
2074,72.20775436893942
2075,80.15786047815644
2076,64.71916293226934
2077,189.63871725026425
2078,78.10897640383114
2079,102.3492162349061
2080,216.73617116727576
2081,72.1962069966052
2082,108.81919602147987
2083,81.53059708704365
2084,114.9599393104527
2085,105.0919302889073
2086,702.3809028732398
2087,157.24169954447382
2088,114.00952428654828
2089,93.67298797086157
2090,27.648691249204834
2091,41.21541912220412
2092,331.1090495883869
2093,64.90187352938966
2094,610.4188907755564
2095,85.46910572302883
2096,109.8170789988799
2097,74.38309987401529
2098,130.4026005373432
2099,105.7408642218151
2100,96.96103270045617
2101,380.0652611503021
2102,298.91891642853795
2103,104.94393208542348
2104,86.11924769361991
2105,98.96889316019038
2106,60.155434704474125
2107,151.0838803486413
2108,100.63984418597575
2109,345.2905236052063
2110,135.27907153422328
2111,101.25578110157018
2112,323.97526535804377
2113,116.47536448281649
2114,60.06907131016737
2115,71.08550747435112
2116,99.27022797103879
2117,223.5915192804884
2118,151.2601700566543
2119,90.20801145677157
2120,131.27282860521868
2121,30.004741242741687
2122,130.24184681285064
2123,108.15709618587537
2124,90.84160096574571
2125,106.33707732937341
2126,156.487648163745
2127,146.73581981007516
2128,62.65156200614317
2129,75.84148922549437
2130,68.03584393550864
2131,109.67506953345507
2132,137.0559417293602
2133,118.71548726048258
2134,104.03881882703448
2135,73.7154106275938
2136,137.40969848835397
2137,91.05057742972167
2138,90.49358004424582
2139,181.49436225260553
2140,95.29557456818446
2141,127.32666567534548
2142,173.3849470678262
2143,178.15665406055072
2144,167.65216207183212
2145,148.45621083133202
2146,162.37360579089585
2147,138.10927664193002
2148,73.56953559243793
2149,154.32152422786007
2150,177.8883469987871
2151,117.14277250201741
2152,198.1993236140016
2153,75.49556341821012
2154,129.67411762728315
2155,81.68720736913836
2156,75.31729534165636
2157,55.91875874020401
2158,68.11672121798152
2159,57.738172810040645
2160,88.96437952713565
2161,28.96927537838453
2162,93.50476369112192
2163,69.57511126706572
2164,247.11497398225367
2165,194.73009254873517
2166,158.88688151060433
2167,105.43504859803107
2168,117.097633164689
2169,99.02598774134064
2170,130.04806385514001
2171,88.96113144454232
2172,100.07866110415806
2173,324.4180415473697
2174,105.70459381294089
2175,63.601380995318664
2176,100.8022280917284
2177,330.2859551235977
2178,68.9284370442137
2179,141.1024184515285
2180,84.31669613330699
2181,65.67498777468944
2182,112.78079726044133
2183,231.76355965561157
2184,150.61977232325992
2185,93.31400496918698
2186,476.92752789654025
2187,178.76853488807407
2188,198.62395704187296
2189,89.31912512737387
2190,112.40010545624398
2191,139.21600647677573
2192,180.99466602133631
2193,37.13647341876585
2194,297.750335172305
2195,75.71618302318268
2196,73.2626280704366
2197,103.20478634994802
2198,85.03405127193938
2199,166.77636465246027
2200,79.8742091534551
2201,109.30546289757557
2202,90.68194260105645
2203,104.52580628099999
2204,88.00196579003676
2205,211.73112807986845
2206,90.77850353242269
2207,143.02991072276325
2208,74.96169733155796
2209,87.6226578977253
2210,135.07982457700572
2211,417.82332543179837
2212,67.63182096806037
2213,70.72100229497035
2214,72.05720165508873
2215,72.80976948075707
2216,88.98782142243789
2217,65.29347561726934
2218,91.47428995642878
2219,152.15209149077697
2220,120.21192913715599
2221,90.0890856518123
2222,176.791156099443
2223,83.54886444791941
2224,50.8173077583694
2225,83.66974716693522
2226,73.23990051188503
2227,101.992393601665
2228,167.78361057301677
2229,325.0520606160773
2230,207.5298035154878
2231,423.25572596179967
2232,80.97525048650118
2233,45.392783527703614
2234,112.29785809137306
2235,80.99271058459041
2236,122.09258611523205
2237,35.385551256465696
2238,60.035777121926195
2239,18.34037313270656
2240,609.204733072745
2241,142.00107284933048
2242,166.57281848847936
2243,89.8875565580682
2244,47.88020733334574
2245,81.55335129426535
2246,87.63783919994938
2247,60.5896617239822
2248,121.62205690713579
2249,119.8360196749169
2250,137.05824204372033
2251,94.60241783417155
2252,73.0466319475908
2253,83.80811033215853
2254,66.32059041266652
2255,130.4288872301213
2256,45.097579021692255
2257,474.9258658368153
2258,227.58597914540695
2259,85.52209521143973
2260,104.29162942242809
2261,127.54607555976546
2262,162.07893184163416
2263,144.18229691746964
2264,89.70169022863149
2265,165.44674377372374
2266,61.84158859880204
2267,82.34754578219116
2268,58.64753500658265
2269,116.12498869981826
2270,153.70816408290062
2271,58.291592838811965
2272,147.2423597058897
2273,97.40224110582345
2274,102.32150007049603
2275,77.7632020603633
2276,79.8994225294633
2277,107.33699251379349
2278,347.49499514184873
2279,114.05972352014108
2280,124.10090118544362
2281,88.37574551532816
2282,97.81130275621382
2283,82.417229478313
2284,66.18915290336477
2285,107.6804346355645
2286,72.65182886004612
2287,57.278473232822016
2288,85.3691167403482
2289,85.633747343739
2290,90.98586728155226
2291,146.6771363787651
2292,152.19751489075065
2293,145.65722618451974
2294,86.50820618284392
2295,152.2933462270484
2296,83.74002481214498
2297,106.83542066432051
2298,20.51161970935338
2299,123.87137470595756
2300,80.01177532066778
2301,133.8487773061572
2302,113.27752700223442
2303,303.2458053182968
2304,54.88988854313034
2305,178.02328051029392
2306,149.27816070944445
2307,109.29609563897223
2308,173.3967077980771
2309,77.07901259849224
2310,142.9114375050321
2311,87.04181912677554
2312,117.46273833053858
2313,142.669370381508
2314,81.74289967448573
2315,108.08456724380389
2316,57.293428635475365
2317,64.72436571696308
2318,70.6628572130236
2319,57.23882640165574
2320,56.813372867042865
2321,360.5595766295516
2322,113.85958376213141
2323,92.56221449423101
2324,107.5449916921286
2325,123.78435320271822
2326,53.04543701671037
2327,127.59898242878708
2328,535.8706608101576
2329,122.73935783155412
2330,66.02988352353117
2331,641.4208625278022
2332,30.026369383265227
2333,82.26787323074547
2334,148.10183211765099
2335,100.83937550673731
2336,120.17006121105081
2337,123.25998957398271
2338,133.97004881323136
2339,169.35654422678743
2340,68.95822119653616
2341,98.15759583764631
2342,29.007993062278544
2343,144.2187861137072
2344,103.84145548665933
2345,90.89208255165408
2346,138.64028468600046
2347,56.58482206693607
2348,137.64630814605772
2349,207.15587064963557
2350,101.10745689649714
2351,185.95178488672744
2352,119.04537680621895
2353,119.04537680621895
2354,99.26409909516299
2355,77.06626500016188
2356,202.57113397094963
2357,197.82964067129097
2358,109.98789201901394
2359,80.92972514726016
2360,144.25469932584986
2361,189.39097705005744
2362,89.4574865874995
2363,270.4327415110144
2364,374.06538686828475
2365,84.87474730683853
2366,66.78275196589829
2367,81.18581352534885
2368,101.37858702869052
2369,172.86914792698255
2370,66.45300470303185
2371,603.6538025617928
2372,52.76225008321704
2373,329.2363178628474
2374,190.83175698326232
2375,79.04681092142833
2376,86.60472560409067
2377,117.1427758898408
2378,61.60407434752294
2379,216.5066995843111
2380,117.82605063159522
2381,109.25302551064087
2382,128.51167028258666
2383,132.27347457950762
2384,179.023140800964
2385,100.72438704440371
2386,78.46550108082265
2387,159.75035457365914
2388,134.46676578429546
2389,74.64153225912477
2390,142.751900004101
2391,129.1904387067069
2392,186.5021646991006
2393,88.93854511020291
2394,216.5185438725563
2395,162.70970041368435
2396,65.23182462691135
2397,95.29909383884814
2398,96.20146867730249
2399,86.69656865715586
2400,79.33101504151178
2401,137.26094898041796
2402,169.24929877602457
2403,74.45907088179096
2404,164.98915638731646
2405,115.58496779865389
2406,180.7389828969202
2407,86.07748174768066
2408,70.43599936680032
2409,135.5982335369941
2410,107.2048685553011
2411,848.1174474052211
2412,100.22680174087756
2413,76.18388603898083
2414,68.5004347606696
2415,112.42582122867508
2416,86.55579014739261
2417,67.40799819552781
2418,109.84234963024075
2419,255.87260046979674
2420,25.34018518841472
2421,71.46893344807187
2422,85.02091669747445
2423,125.1175161165669
2424,121.35015243307322
2425,173.8094419250613
2426,69.9944558378102
2427,68.59301588325428
2428,74.07992751705295
2429,117.00954079527793
2430,799.0641026783507
2431,91.28199262656116
2432,79.612768480924
2433,411.9038177149211
2434,144.36816595136546
2435,64.16317504639727
2436,517.8066082301661
2437,99.50844571475227
2438,96.02944597761517
2439,564.7773851437047
2440,94.89843220139915
2441,96.37722913993213
2442,87.15192519766916
2443,23.442205970172925
2444,82.23820806892017
2445,73.75874353165307
2446,161.84060055367988
2447,95.48326663938812
2448,365.32974111948505
2449,101.97248483045085
2450,78.01294044411267
2451,73.89350354901043
2452,57.00752781588177
2453,116.37284051659876
2454,342.26949531781105
2455,69.59115566977695
2456,52.16061151088614
2457,144.7145248727755
2458,83.98188750612981
2459,26.61022584241234
2460,90.90455570908733
2461,112.04191489367194
2462,92.1820298655345
2463,624.9684644677887
2464,184.16611732829207
2465,117.85319682168819
2466,197.81643324416362
2467,105.12355124316254
2468,190.34314527497622
2469,147.4878604746074
2470,104.78724243482752
2471,150.16014405370814
2472,63.242654048371634
2473,203.35445119431938
2474,121.57540069356808
2475,113.57313037590502
2476,125.48805253709395
2477,134.89936724930638
2478,393.0468794724743
2479,126.8038769612075
2480,87.10390656525836
2481,98.41224689662658
2482,41.61918987181196
2483,89.67343349864173
2484,100.33708163983961
2485,352.3066384695541
2486,128.14516192876152
2487,81.73649668009608
2488,176.63662016369167
2489,106.90792350627238
2490,185.94199023735928
2491,75.88934499674149
2492,61.24733359383392
2493,139.4851771152973
2494,163.63255311895597
2495,73.104977126852
2496,133.64887229593816
2497,195.32243858749058
2498,74.45389863029632
2499,121.4644813352915
2500,151.43202521268597
2501,72.46321479829386
2502,19.252749810968684
2503,193.63241335997526
2504,97.2912875017629
2505,20.127616899395925
2506,65.74838315221575
2507,105.34534395746583
2508,107.72573588532572
2509,183.42792856177883
2510,54.56303349303836
2511,149.2060939474253
2512,81.4057502350876
2513,149.68666576222736
2514,186.5902907215532
2515,480.44148006458335
2516,129.3286473592336
2517,94.55623366715261
2518,69.4380366755072
2519,64.38394497387091
2520,63.3031083752516
2521,110.95003434710866
2522,82.07870788664798
2523,92.57596195071045
2524,533.2233509193279
2525,79.49444899915913
2526,128.0664444928252
2527,31.10058732856946
2528,81.60889253922771
2529,94.0398753427132
2530,110.8736594094395
2531,337.4232579131432
2532,159.04962598779684
2533,169.36645005250992
2534,159.19711577325452
2535,106.66994931783954
2536,126.19468711822923
2537,68.14613016471183
2538,104.34662447894951
2539,97.2235558703295
2540,106.81032928434425
2541,882.8413331990423
2542,113.04840841140445
2543,124.09655386565647
2544,1000.1549116051929
2545,66.5258183980158
2546,96.95935222415633
2547,61.38134565474665
2548,45.81419875270538
2549,434.32984166846506
2550,82.52574929811246
2551,133.03972015078497
2552,516.989996718974
2553,136.58895678507392
2554,188.16123215329918
2555,43.838715726601464
2556,29.869729389102584
2557,119.27954372585985
2558,104.9031888861098
2559,48.330942890194464
2560,23.343839756112665
2561,108.32898991161501
2562,84.12178348881297
2563,156.44746004138295
2564,31.81035745286467
2565,120.4359932324387
2566,103.05349171672289
2567,76.41551704227341
2568,21.514629386652857
2569,133.52632179131126
2570,518.4175588624288
2571,82.52574929811246
2572,138.65547884818753
2573,276.6169924045046
2574,118.88978116365293
2575,232.76442504388618
2576,181.28900782768483
2577,203.22964352868152
2578,126.49822686856865
2579,171.23108862695855
2580,71.5208919026829
2581,103.32078576627582
2582,91.9526325690069
2583,80.18153640052347
2584,49.18128887172456
2585,128.83801747536566
2586,127.82387071668356
2587,162.4095829898575
2588,64.38011812146826
2589,129.598541327835
2590,375.487177001154
2591,118.8208225396008
2592,78.53117695118189
2593,92.0292669507403
2594,120.09670509690547
2595,187.04291343043587
2596,166.86653502150162
2597,101.87997606955373
2598,101.61364480711501
2599,75.35061697276778
2600,77.40601516211115
2601,125.87913650873986
2602,43.6588943904185
2603,88.27580910572132
2604,81.34798223620345
2605,189.2142834104826
2606,70.82837504670714
2607,107.39015489825094
2608,74.11910192057886
2609,99.8405565803969
2610,145.58821280633688
2611,95.97545830408286
2612,468.52034444177207
2613,212.5746733623268
2614,117.5472077481963
2615,58.67737894655474
2616,89.26309473473064
2617,19.404571990996423
2618,79.89355809442465
2619,143.4421824974143
2620,67.54988042769543
2621,137.7323695515952
2622,93.87987089026147
2623,105.22694289972556
2624,57.72255475969328
2625,146.6529890454868
2626,176.73276408325378
2627,202.72848021199565
2628,61.22292348445197
2629,108.61851799791373
2630,107.04733450996797
2631,101.80218807318509
2632,75.89647726889227
2633,102.90284823194708
2634,368.6474961176656
2635,53.294805601289276
2636,102.16045235014414
2637,305.4207113520037
2638,288.20569349711946
2639,183.76485124974167
2640,97.51729157263449
2641,68.10124354556929
2642,67.12266967147798
2643,306.84887204953947
2644,148.74188312762553
2645,128.27049187333827
2646,78.85083181308957
2647,96.29920599336498
2648,88.4925706556082
2649,31.719173595643447
2650,119.58642268355086
2651,179.2808200724844
2652,123.98342248792808
2653,168.79739703896806
2654,74.12377611483645
2655,155.97404536473093
2656,77.85940634327795
2657,89.076351963582
2658,165.25832255121168
2659,393.34288999342414
2660,668.4746214970397
2661,73.97838250151719
2662,436.03700081408414
2663,23.487032749710504
